31.133.84.0/22,DE,DE-HE,Frankfurt,60388
176.103.228.0/22,DE,DE-HE,Frankfurt,60388
31.133.92.0/22,DE,DE-HE,Frankfurt,60388
176.103.236.0/22,DE,DE-HE,Frankfurt,60388
91.228.14.0/24,GB,GB-ENG,London,EC1V
91.228.15.0/24,GB,GB-ENG,London,EC1V
94.154.40.0/24,GB,GB-ENG,London,EC1V
94.154.41.0/24,GB,GB-ENG,London,EC1V
94.154.42.0/24,GB,GB-ENG,London,EC1V
94.154.43.0/24,GB,GB-ENG,London,EC1V
94.154.44.0/24,GB,GB-ENG,London,EC1V
94.154.45.0/24,GB,GB-ENG,London,EC1V
193.30.241.0/24,GB,GB-ENG,London,EC1V
195.177.95.0/24,GB,GB-ENG,London,EC1V
195.62.24.0/24,GB,GB-ENG,London,EC1V
91.228.12.0/24,GB,GB-ENG,London,EC1V
94.154.33.0/24,GB,GB-ENG,London,EC1V
94.154.34.0/24,GB,GB-ENG,London,EC1V
94.154.35.0/24,GB,GB-ENG,London,EC1V
94.154.36.0/24,GB,GB-ENG,London,EC1V
